Analytic Service,APP
Amplitude,air.com.rosettastone.mobile.CoursePlayer
Amplitude,com.baseapp.eyeem
Amplitude,com.box.android
Amplitude,com.etermax.apalabrados.lite
Amplitude,com.fivemobile.thescore
Amplitude,com.freeit.java
Amplitude,com.ibotta.android
Amplitude,com.idealista.android
Amplitude,com.lucktastic.scratch
Amplitude,com.ludia.dragons
Amplitude,com.myfitnesspal.android
Amplitude,com.production.truspertips
Amplitude,com.sx.puzzingo
Amplitude,com.urbandictionary.android
Amplitude,com.whitepages.search
Amplitude,ipnossoft.rma.free
Amplitude,je.fit
Amplitude,ru.aviasales
Applovin,air.BattleofZombies
Applovin,air.com.sticksports.sticktennis
Applovin,akunososhiki.app.avoooidHero
Applovin,akunososhiki.app.slashHero
Applovin,akunososhiki.app.starVanisher
Applovin,com.alawar.SnarkBusters2.Freemium
Applovin,com.appnana.android.giftcardrewards
Applovin,com.appquiz.baby.ballons
Applovin,com.appquiz.educational.games
Applovin,com.appredeem.apptrailers
Applovin,com.appsministry.mashagame
Applovin,com.avector.itw.itwmj16hd
Applovin,com.btdstudio.messagebird
Applovin,com.catmcom.catmoonproductions.FarmDriver
Applovin,com.catmoonproductions.tractor2
Applovin,com.crossfield.namsterlife
Applovin,com.darksummoner
Applovin,com.dena.mj
Applovin,com.didilabs.kaavefali
Applovin,com.distinctdev.tmtlite
Applovin,com.feelingtouch.strikeforce2
Applovin,com.frogmind.badland
Applovin,com.ftbsports.BeALegendFootball
Applovin,com.igg.pokerdeluxe
Applovin,com.kaname.surya.android.heartphotomaker
Applovin,com.KillerBeanStudios.KillerBeanUnleashed
Applovin,com.kongregate.mobile.tinydicedungeon.google
Applovin,com.listia.Listia
Applovin,com.lucktastic.scratch
Applovin,com.ludia.dragons
Applovin,com.madfingergames.deadzone
Applovin,com.neowiz.games.newmatgo
Applovin,com.neowiz.games.poker
Applovin,com.nimbuzz
Applovin,com.picadelic.fxguru
Applovin,com.robotifun.smart.baby.LITE
Applovin,com.ruckygames.gunmaapps
Applovin,com.SimpleMoonPhaseWidget
Applovin,com.spacegame.dessert
Applovin,com.spacegame.forestmania
Applovin,com.timeplusq.drawnguess
Applovin,com.tractiongames.stickbmxfree
Applovin,jp.comico
Applovin,jp.parkgraphics.HiyokoMamire
Applovin,me.dingtone.app.im
Applovin,net.capsuleplus.FastStairPlus
Applovin,net.capsuleplus.MindStep
Applovin,net.capsuleplus.ShotZombie
Applovin,net.capsuleplus.ShotZombieHalloween
Applovin,net.peakgames.OkeyPlus
Appsee,air.com.myheritage.mobile
Appsee,com.anydo
Appsee,com.augmentra.viewranger.android
Appsee,com.autodesk.autocadws
Appsee,com.busuu.android.enc
Appsee,com.busuu.android.fr
Appsee,com.fiksu.fma.android
Appsee,com.fp.cheapoair
Appsee,com.freeit.java
Appsee,com.gittigidiyormobil
Appsee,com.hudl.hudroid
Appsee,com.ixigo.train.ixitrain
Appsee,com.kekanto.android
Appsee,com.moblin.superpharm
Appsee,com.opensooq.OpenSooq
Appsee,com.scores365
Appsee,com.touchnote.android
Appsee,com.vinted
Appsee,mobi.ifunny
Appsflyer,air.com.coalaa.itexasth
Appsflyer,br.com.mobits.peixeurbano
Appsflyer,cn.wps.moffice_eng
Appsflyer,com.activaweb.matchendirect
Appsflyer,com.atari.mobile.rct4m
Appsflyer,com.bang.bangwithfriends
Appsflyer,com.boyaa.androidmarketar
Appsflyer,com.boyaa.fben
Appsflyer,com.cootek.smartinputv5
Appsflyer,com.dokebi.dokebi
Appsflyer,com.doubleugames.DoubleUCasino
Appsflyer,com.ember.bingoSD
Appsflyer,com.ember.nationzSD
Appsflyer,com.fabernovel.ratp
Appsflyer,com.freerange360.mpp.GOAL
Appsflyer,com.gameinsight.airport
Appsflyer,com.gameinsight.bbdeluxe
Appsflyer,com.gameinsight.mirrorsofalbionandroid
Appsflyer,com.gameinsight.tribez
Appsflyer,com.godgame.bigtwo.android
Appsflyer,com.godgame.mj.android
Appsflyer,com.godgame.mj13.android
Appsflyer,com.godgame.texasholdem.android
Appsflyer,com.kokteyl.goal
Appsflyer,com.kokteyl.sahadan
Appsflyer,com.movile.playkids
Appsflyer,com.oni.oni
Appsflyer,com.pacificinteractive.HouseOfFun
Appsflyer,com.redfin.android
Appsflyer,com.roidapp.photogrid
Appsflyer,com.shopclues
Appsflyer,com.tap4fun.galaxyempire2_android
Appsflyer,com.zhiliaoapp.musically
Appsflyer,es.socialpoint.DragonCity
Appsflyer,jp.co.mediaactive.ghostcalldx
Appsflyer,m.sanook.com
Appsflyer,net.one97.paytm
Appsflyer,org.gamehouse.delicious8_android
Appsflyer,ru.dublgis.dgismobile
Appsflyer,ru.mamba.client
Appsflyer,ru.sberbankmobile
Appsflyer,com.animoca.google.snowwhitecafe
Appsflyer,com.baidu.browser.inter
Appsflyer,com.doraemon.doraemonRepairShop
Appsflyer,com.fromthebenchgames.fmfootball2014
Appsflyer,com.funtomic.chicken_boy
Appsflyer,com.gamecircus.PrizeClaw
Appsflyer,com.igg.clash_of_lords
Appsflyer,com.igg.clashoflords2
Appsflyer,com.igg.clashoflords2_ru
Appsflyer,com.igg.clashoflords2tw
Appsflyer,com.igs.mjstar31
Appsflyer,com.nekki.shadowfight
Appsflyer,com.sdeu.google.hellokittycarnival
Appsflyer,com.stac.empire.main
Appsflyer,com.topface.topface
Appsflyer,bn.ereader
Appsflyer,br.com.mobits.peixeurbano
Appsflyer,com.agoda.mobile.consumer
Appsflyer,com.aigrind.warspear
Appsflyer,com.asiandate
Appsflyer,com.bang.bangwithfriends
Appsflyer,com.booking
Appsflyer,com.boyaa.androidmarketar
Appsflyer,com.boyaa.fben
Appsflyer,com.cootek.smartinputv5
Appsflyer,com.d3p.mpq
Appsflyer,com.diwip.vslots
Appsflyer,com.eharmony
Appsflyer,com.etermax.apalabrados.lite
Appsflyer,com.etermax.preguntados.lite
Appsflyer,com.farsight.AndroidPinball.javaProject
Appsflyer,com.feelingtouch.dipan.slggameglobal
Appsflyer,com.fingersoft.hillclimb
Appsflyer,com.fitradio
Appsflyer,com.fox.now
Appsflyer,com.foxnews.android
Appsflyer,com.foxsports.android
Appsflyer,com.freeletics.lite
Appsflyer,com.futurebits.instamessage.free
Appsflyer,com.g2us.armedheroes.google
Appsflyer,com.gamecircus.Paplinko
Appsflyer,com.gameinsight.airport
Appsflyer,com.gameinsight.cloudraiders
Appsflyer,com.gameinsight.mirrorsofalbionandroid
Appsflyer,com.gameinsight.mycountry2020
Appsflyer,com.gameinsight.tribez
Appsflyer,com.geewa.PLTMobile
Appsflyer,com.gingersoftware.android.keyboard
Appsflyer,com.godgame.bigtwo.android
Appsflyer,com.godgame.mj.android
Appsflyer,com.godgame.mj13.android
Appsflyer,com.godgame.texasholdem.android
Appsflyer,com.halfbrick.fruitninjafree
Appsflyer,com.halfbrick.jetpackjoyride
Appsflyer,com.hornet.android
Appsflyer,com.ibotta.android
Appsflyer,com.igg.bzbee.deckheroes_tw
Appsflyer,com.igg.bzbee.slotsdeluxe
Appsflyer,com.igg.castleclash
Appsflyer,com.igg.castleclash_de
Appsflyer,com.igg.castleclash_es
Appsflyer,com.igg.castleclash_fr
Appsflyer,com.igg.castleclash_id
Appsflyer,com.igg.castleclash_it
Appsflyer,com.igg.castleclash_jp
Appsflyer,com.igg.castleclash_kr
Appsflyer,com.igg.castleclash_ru
Appsflyer,com.igg.castleclash_th
Appsflyer,com.igg.castleclash_tr
Appsflyer,com.igg.castleclash_tw
Appsflyer,com.infiapps.slotbonanza
Appsflyer,com.itonline.anastasiadate
Appsflyer,com.jaumo
Appsflyer,com.joelapenna.foursquared
Appsflyer,com.lafourchette.lafourchette
Appsflyer,com.ldw.virtualfamilies2
Appsflyer,com.listia.Listia
Appsflyer,com.lucktastic.scratch
Appsflyer,com.mcentric.mcclient.MyMadrid
Appsflyer,com.moviecity.app
Appsflyer,com.movile.playkids
Appsflyer,com.news360.news360app
Appsflyer,com.ninjakiwi.bloonstdbattles
Appsflyer,com.octro.rummy
Appsflyer,com.osharemaker
Appsflyer,com.playrix.township
Appsflyer,com.pocketplay.PW1A
Appsflyer,com.shopclues
Appsflyer,com.shpock.android
Appsflyer,com.sirma.mobile.bible.android
Appsflyer,com.socialquantum.acityint
Appsflyer,com.socialquantum.acitykakao
Appsflyer,com.socialquantum.pokerjet
Appsflyer,com.surfeasy
Appsflyer,com.tap4fun.galaxyempire2_android
Appsflyer,com.tap4fun.kings_empire
Appsflyer,com.taxis99
Appsflyer,com.touchnote.android
Appsflyer,com.uqee.lying.maingameHanguo
Appsflyer,com.weather.Weather
Appsflyer,com.wisetoto
Appsflyer,com.zhiliaoapp.musically
Appsflyer,es.socialpoint.DragonCity
Appsflyer,ipnossoft.rma.free
Appsflyer,it.doveconviene.android
Appsflyer,net.infojobs.mobile.android
Appsflyer,net.one97.paytm
Appsflyer,net.skyscanner.android.main
Appsflyer,ru.aviasales
Appsflyer,ru.litres.android
Appsflyer,ru.mamba.client
Appsflyer,ru.sberbankmobile
Appsflyer,sg.gumi.bravefrontier
Appsflyer,tunein.player
Appsflyer,younow.live
Appsflyer,com.anuntis.fotocasa
Appsflyer,com.etermax.apalabrados.lite
Appsflyer,com.etermax.preguntados.lite
Appsflyer,com.farsight.AndroidPinball.javaProject
Appsflyer,com.feelingtouch.dipan.slggameglobal
Appsflyer,com.fitradio
Appsflyer,com.pocketplay.PW1A
Appsflyer,com.socialquantum.pokerjet
Branch,br.com.lge.smartTruco
Branch,com.bsb.hike
Branch,com.didilabs.kaavefali
Branch,com.fivemobile.thescore
Branch,com.froogloid.kring.google.zxing.client.android
Branch,com.global.foodpanda.android
Branch,com.justunfollow.android
Branch,com.lamoda.lite
Branch,com.melodis.midomiMusicIdentifier.freemium
Branch,com.movile.playkids
Branch,com.overstock
Branch,com.paullipnyagov.drumpads24
Branch,com.photofy.android
Branch,com.picadelic.fxguru
Branch,com.urbandictionary.android
Branch,com.zulily.android
Branch,mobi.jackd.android
Branch,net.one97.paytm
Branch,net.skyscanner.android.main
Branch,si.modula.android.instantheartrate
Branch,tunein.player
Crashlytics,ru.worldoftanks.mobile
Crashlytics,com.stitcher.app
Crashlytics,je.fit
Crashlytics,air.com.innogames.staemme
Crashlytics,com.zulily.android
Crashlytics,com.pof.android
Crashlytics,de.lotum.whatsinthefoto.us
Crashlytics,com.ember.stainz
Crashlytics,com.trello
Crashlytics,com.famousbluemedia.yokee
Crashlytics,com.buzzpia.aqua.launcher
Crashlytics,com.qisiemoji.inputmethod
Crashlytics,com.weheartit
Crashlytics,com.gangster.paradise
Crashlytics,com.myntra.android
Crashlytics,com.gameloft.android.ANMP.GloftMTHM
Crashlytics,com.avito.android
Crashlytics,com.ttech.android.onlineislem
Crashlytics,com.mandicmagic.android
Crashlytics,com.fiksu.fma.android
Crashlytics,com.tvshowfavs
Crashlytics,com.contextlogic.wish
Crashlytics,droom.sleepIfUCan
Crashlytics,com.gameinsight.tribez
Crashlytics,com.meijer.mobile.meijer
Crashlytics,com.kii.safe
Crashlytics,pl.wp.programtv
Crashlytics,com.abercrombie.hollister
Crashlytics,com.tatemgames.iceage
Crashlytics,com.buscaalimento.android
Crashlytics,com.flightaware.android.liveFlightTracker
Crashlytics,uk.co.ee.myee
Crashlytics,net.peakgames.mobile.canakokey.android
Crashlytics,com.disappster.skyalert
Crashlytics,com.lulo.scrabble.classicwords
Crashlytics,com.kathleenOswald.solitaireGooglePlay
Crashlytics,com.quizup.core
Crashlytics,com.tranzmate
Crashlytics,com.blueoxtech.sevenlittlewords
Crashlytics,com.yidio.androidapp
Crashlytics,com.gopro.smarty
Crashlytics,com.timespread.Timetable2
Crashlytics,com.capigami.outofmilk
Crashlytics,com.infraware.office.link
Crashlytics,com.waveline.nabd
Crashlytics,com.rebtel.android
Crashlytics,com.infiapps.slotbonanza
Crashlytics,ru.auto.ara
Crashlytics,com.banjo.android
Crashlytics,com.tatem.dinhunter
Crashlytics,com.sgiggle.production
Crashlytics,com.blippar.ar.android
Crashlytics,sg.gumi.bravefrontier
Crashlytics,com.ebay.kleinanzeigen
Crashlytics,com.frogsparks.mytrails
Crashlytics,com.melesta.toydefense
Crashlytics,com.yopeso.lieferando
Crashlytics,com.ea.game.simpsons4_na
Crashlytics,com.myfitnesspal.android
Crashlytics,com.univision.android
Crashlytics,com.dropbox.android
Crashlytics,com.gameloft.android.ANMP.GloftSIHM
Crashlytics,com.locnall.KimGiSa
Crashlytics,com.mavenhut.solitaire
Crashlytics,br.com.mobits.peixeurbano
Crashlytics,air.com.rosettastone.mobile.CoursePlayer
Crashlytics,com.shutterfly
Crashlytics,com.grindrapp.android
Crashlytics,br.com.tapps.ufb
Crashlytics,com.everycircuit.free
Crashlytics,com.wevideo.mobile.android
Crashlytics,com.scribd.app.reader0
Crashlytics,com.pinnatta.android
Crashlytics,com.estsoft.alyac
Crashlytics,com.animoto.android.videoslideshow
Crashlytics,com.modcloth
Crashlytics,com.livestream.livestream
Crashlytics,com.tljtek.casino
Crashlytics,com.yidio.androidapp
Crashlytics,com.mathrawk.calleridfaker
Crashlytics,com.privacystar.android
Crashlytics,gt.farm.hkmovies
Crashlytics,sg.gumi.bravefrontier
Crashlytics,cz.aponia.bor3
Crashlytics,ata.squid.pimd
Crashlytics,br.com.tapps.myboo
Crashlytics,com.kongregate.mobile.gameofthronesascent.google
Crashlytics,com.makemytrip
Crashlytics,com.biggu.shopsavvy
Crashlytics,com.mixcloud.player
Crashlytics,com.plantpurple.emojidom
Crashlytics,com.livingsocial.www
Crashlytics,yuku.alkitab.kjv
Crashlytics,br.com.golmobile.placaruol
Crashlytics,com.paypal.android.p2pmobile
Crashlytics,com.lucktastic.scratch
Crashlytics,lifeisbetteron.com
Crashlytics,ru.mobstudio.andgalaxy
Crashlytics,com.concur.breeze
Crashlytics,net.peakgames.OkeyPlus
Crashlytics,com.aaa.android.discounts
Crashlytics,com.ipart.android
Crashlytics,com.wonder
Crashlytics,com.ticketmaster.mobile.android.na
Crashlytics,com.hinkhoj.questionbank
Crashlytics,com.roidapp.photogrid
Crashlytics,org.medhelp.mydiet
Crashlytics,com.freeit.java
Crashlytics,in.redbus.android
Crashlytics,net.peakgames.mobile.android.tavlaplus.android
Crashlytics,com.naturalmotion.myhorse
Crashlytics,fr.telemaque.horoscope
Crashlytics,com.imbc.imnews.mbcnews
Crashlytics,com.bbm
Crashlytics,com.riva.sueca
Crashlytics,com.fivemobile.thescore
Crashlytics,com.scee.psxandroid
Crashlytics,com.mventus.selfcare.activity
Crashlytics,com.nubee.valkyriecrusade
Crashlytics,com.batanga
Crashlytics,com.emoji.ikeyboard
Crashlytics,com.gameinsight.airport
Crashlytics,jp.co.proto.GooUCSearch
Crashlytics,com.vingle.android
Crashlytics,jp.ameba
Crashlytics,kr.co.lgfashion.lgfashionshop.v28
Crashlytics,com.khymaera.android.listnotefree
Crashlytics,com.ykb.android
Crashlytics,com.vkontakte.android
Crashlytics,yuku.alkitab
Crashlytics,com.telenav.app.android.scout_us
Crashlytics,com.hi5.app
Crashlytics,br.com.tapps.donotdisturb
Crashlytics,com.itaucard.activity
Crashlytics,com.bancomer.mbanking
Crashlytics,com.espn.fantasy.lm.football
Crashlytics,com.cyberlink.youcammakeup
Crashlytics,tv.cinetrailer.mobile.b
Crashlytics,net.appeat.dogdrip
Crashlytics,com.scoompa.trainpark
Crashlytics,com.voxy.news
Crashlytics,org.gamehouse.delicious9_android
Crashlytics,com.socialquantum.pokerjet
Crashlytics,com.oovoo
Crashlytics,com.coupang.mobile
Crashlytics,com.taggedapp
Crashlytics,com.thirdframestudios.android.expensoor
Crashlytics,air.com.freshplanet.games.WaM
Crashlytics,com.gamebasics.osm
Crashlytics,com.sewichi.client.panel
Crashlytics,com.smule.magicpiano
Crashlytics,com.baseapp.eyeem
Crashlytics,com.ancestry.android.apps.ancestry
Crashlytics,ata.squid.kaw
Crashlytics,net.slickdeals.android
Crashlytics,com.touchnote.android
Crashlytics,com.application.game.scopa
Crashlytics,com.movile.playkids
Crashlytics,air.com.vudu.air.DownloaderTablet
Crashlytics,com.shazam.android
Crashlytics,com.redfin.android
Crashlytics,com.hornet.android
Crashlytics,com.rfi.sams.android
Crashlytics,org.medhelp.mc
Crashlytics,com.garanti.cepsubesi
Crashlytics,com.appspot.scruffapp
Crashlytics,com.estmob.android.sendanywhere
Crashlytics,com.flayvr.flayvr
Crashlytics,com.justunfollow.android
Crashlytics,net.giosis.shopping.sg
Crashlytics,com.mynet.canakokey.android
Crashlytics,com.thehomedepot
Crashlytics,com.c51
Crashlytics,com.lonelycatgames.Xplore
Crashlytics,com.polydice.icook
Crashlytics,com.gogii.textplus
Crashlytics,net.peakgames.Yuzbir
Crashlytics,com.ais.mimo.eservice
Crashlytics,com.actionlauncher.playstore
Crashlytics,pl.tmobile.miboa
Crashlytics,com.aboutjsp.thedaybefore
Crashlytics,com.telcel.imk
Crashlytics,com.path.paperboy
Crashlytics,com.gameloft.android.ANMP.GloftINHM
Crashlytics,com.application.zomato
Crashlytics,de.lotum.whatsinthefoto.es
Crashlytics,com.carmax.carmax
Crashlytics,com.hudl.hudroid
Crashlytics,br.com.tapps.toilettime
Crashlytics,com.usaa.mobile.android.usaa
Crashlytics,com.lingualeo.android
Crashlytics,com.bookmark.money
Crashlytics,com.webascender.callerid
Crashlytics,com.classdojo.android
Crashlytics,com.backelite.vingtminutes
Crashlytics,com.droid4you.application.wallet
Crashlytics,net.ium.mobile.android
Crashlytics,ru.cn.tv
Crashlytics,com.frograms.watcha
Crashlytics,finarea.MobileVoip
Crashlytics,com.btb.minihompy
Crashlytics,com.diwip.vslots
Crashlytics,leafly.android
Crashlytics,com.bang.bangwithfriends
Crashlytics,com.cyberlink.youperfect
Crashlytics,com.gameloft.android.ANMP.GloftDMHM
Crashlytics,com.glympse.android.glympse
Crashlytics,com.whitepages.search
Crashlytics,com.mrnumber.blocker
Crashlytics,com.capcom.smurfsandroid
Crashlytics,air.com.sgn.cookiejam.gp
Crashlytics,com.zhiliaoapp.musically
Crashlytics,com.ninetyfour.seconds.app
Crashlytics,com.camshare.camfrog.android
Crashlytics,com.senspark.goldminerclassic
Crashlytics,com.chatous.chatous
Crashlytics,com.production.truspertips
Crashlytics,com.enflick.android.TextNow
Crashlytics,com.okcupid.okcupid
Crashlytics,be.persgroep.android.news.mobilead
Crashlytics,com.ulmon.android.citymaps2go
Crashlytics,com.contapps.android
Crashlytics,com.cheerfulinc.flipagram
Crashlytics,com.quvideo.xiaoying
Crashlytics,ru.yandex.yandexnavi
Crashlytics,com.gameloft.android.ANMP.GloftPOHM
Crashlytics,com.priceline.android.negotiator
Crashlytics,ru.mail.mailnews
Crashlytics,vivino.web.app
Crashlytics,br.com.tapps.myvirtualpetshop
Crashlytics,com.qxmd.calculate
Crashlytics,trendyol.com
Crashlytics,com.anywayanyday.android
Crashlytics,com.kroger.mobile
Crashlytics,com.groupon
Crashlytics,com.spuul.android
Crashlytics,com.univision.noticias
Crashlytics,com.taptrip
Crashlytics,com.bsb.hike
Crashlytics,org.coursera.android
Crashlytics,com.overlook.android.fing
Crashlytics,com.raaga.android
Crashlytics,com.ebay.mobile
Crashlytics,com.wanelo.android
Crashlytics,com.gameinsight.thetribezcastlez
Crashlytics,com.kyobo.ebook.common.b2c
Crashlytics,com.concretesoftware.pbachallenge_androidmarket
Crashlytics,com.clearchannel.iheartradio.controller
Crashlytics,com.snipsnap.snipsnapapp
Crashlytics,ar.com.kinetia.ligaargentina
Crashlytics,com.youmail.android.vvm
Crashlytics,com.gazeus.solitaire
Crashlytics,com.gameinsight.transportempiregp
Crashlytics,com.F1.ShinSG
Crashlytics,com.chris.mydays
Crashlytics,com.smule.singandroid
Crashlytics,chat.ola.vn
Crashlytics,com.ksncho.hospitalinfo
Crashlytics,com.target.ui
Crashlytics,com.gameinsight.mycountry2020
Crashlytics,com.booking
Crashlytics,com.azarlive.android
Crashlytics,com.softbolt.redkaraoke
Crashlytics,cn.hktool.android.action
Crashlytics,com.buzzni.android.subapp.shoppingmoa
Crashlytics,nl.marktplaats.android
Crashlytics,be.belgacom.hello
Crashlytics,tunein.player
Crashlytics,com.anydo
Crashlytics,com.medisafe.android.client
Crashlytics,br.uol.noticias
Crashlytics,com.anydo.cal
Crashlytics,com.neulion.smartphone.ufc.android
Crashlytics,com.roku.remote
Crashlytics,com.tapatalk.androidforumscom
Crashlytics,com.sherpa.asistentesherpa
Crashlytics,com.fitnesskeeper.runkeeper.pro
Crashlytics,com.july.univision
Crashlytics,com.droid4you.application.wallet
Crashlytics,com.crowdstar.covetfashion
Crashlytics,com.chotot.vn
Crashlytics,com.zoosk.zoosk
Crashlytics,eu.mvns.games
Crashlytics,com.didilabs.kaavefali
Crashlytics,com.e8tracks
Crashlytics,com.coolapps.changemyvoice
Crashlytics,com.mobitv.client.uscctv
Crashlytics,com.intsig.camscanner
Crashlytics,com.rutasdeautobuses.transmileniositp
Crashlytics,com.ftbpro.app
Crashlytics,com.opensooq.OpenSooq
Crashlytics,com.cleartrip.android
Crashlytics,com.idealista.android
Crashlytics,com.lafourchette.lafourchette
Crashlytics,com.selfawaregames.acecasino
Crashlytics,com.areyouinterested.android
Crashlytics,com.ddi
Crashlytics,com.funtomic.Kizi
Crashlytics,ru.crazybit.experiment
Crashlytics,menion.android.locus
Crashlytics,com.ubercab
Crashlytics,com.scb.phone
Crashlytics,com.studyblue
Crashlytics,nl.flitsmeister
Crashlytics,com.tatem.dinhunterhd
Crashlytics,com.viki.android
Crashlytics,org.gamehouse.delicious8_android
Crashlytics,org.medhelp.iamexpecting
Crashlytics,com.froogloid.kring.google.zxing.client.android
Crashlytics,com.socialquantum.acitykakao
Crashlytics,br.com.tapps.mypizzashop
Crashlytics,com.vinted
Crashlytics,com.texty.sms
Crashlytics,com.appredeem.apptrailers
Crashlytics,fr.snapp.fidme
Crashlytics,mobi.ifunny
Crashlytics,com.CallRecord
Crashlytics,com.socialquantum.acityint
Crashlytics,com.purplekiwii.mb
Crashlytics,com.buscounchollo
Crashlytics,br.com.mobicare.minhaoi
Firebase,com.game.MarbleSaga
Firebase,air.byss.mobi.instaplacefree
Firebase,air.com.mastertigra.videobeseda
Firebase,androidlab.allcall
Firebase,another.music.player
Firebase,at.ner.lepsWorld2
Firebase,at.ner.lepsWorld3Plus
Firebase,at.nerbrothers.SuperJump
Firebase,at.nk.tools.iTranslate
Firebase,ata.squid.kaw
Firebase,ata.squid.pimd
Firebase,au.com.weatherzone.android.weatherzonefreeapp
Firebase,be.persgroep.android.news.mobilead
Firebase,bitartist.marksix
Firebase,br.com.dafiti
Firebase,br.com.easytaxi
Firebase,br.com.icarros.androidapp
Firebase,br.com.mobits.peixeurbano
Firebase,br.com.radios.radiosmobile.radiosnet
Firebase,br.com.sportv.times.corinthians
Firebase,br.com.tapps.donotdisturb
Firebase,br.com.tapps.myboo
Firebase,br.com.tapps.mypizzashop
Firebase,br.com.tapps.myvirtualpetshop
Firebase,br.com.tapps.toilettime
Firebase,br.com.tapps.ufb
Firebase,br.com.tecnonutri.app
Firebase,br.com.telecineplay.android
Firebase,bubbleshooter.android
Firebase,bubbleshooter.orig
Firebase,bz.ddd.ahlam
Firebase,cat.ereza.sounds.baby
Firebase,cat.ereza.sounds.cats
Firebase,cat.ereza.sounds.nasty
Firebase,ch.pboos.android.SleepTimer
Firebase,chat.ola.vn
Firebase,co.kr.medialog.swatandzombie
Firebase,com.aaa.android.discounts
Firebase,com.aboutjsp.memowidget
Firebase,com.aboutjsp.thedaybefore
Firebase,com.acmeaom.android.myradar
Firebase,com.aheadsolutions.hangman
Firebase,com.aheadsolutions.hangman.christmas
Firebase,com.ahoygames.okey
Firebase,com.aim.rallyhum
Firebase,com.airasia.mobile
Firebase,com.alarmclock.xtreme.free
Firebase,com.albamon.app
Firebase,com.alek.bestrecipes
Firebase,com.alek.creativeideas
Firebase,com.algeo.algeo
Firebase,com.allinoneremote
Firebase,com.alokmandavgane.hinducalendar
Firebase,com.ama.lovetest.calculator
Firebase,com.androturk.radio
Firebase,com.anoshenko.android.fav_solitaires
Firebase,com.anoshenko.android.solitaires
Firebase,com.antivirus
Firebase,com.antivirus.tablet
Firebase,com.anydo
Firebase,com.apalon.weatherlive.free
Firebase,com.appgeneration.itunerfree
Firebase,com.appquiz.baby.ballons
Firebase,com.appquiz.educational.games
Firebase,com.askfm
Firebase,com.asus.ia.asusapp
Firebase,com.athan
Firebase,com.avast.android.mobilesecurity
Firebase,com.avast.android.vpn
Firebase,com.avg.cleaner
Firebase,com.babbel.mobile.android.de
Firebase,com.babbel.mobile.android.en
Firebase,com.babbel.mobile.android.es
Firebase,com.babbel.mobile.android.fr
Firebase,com.babbel.mobile.android.it
Firebase,com.babbel.mobile.android.pt
Firebase,com.babycenter.pregnancytracker
Firebase,com.baloota.dumpster
Firebase,com.bambuna.podcastaddict
Firebase,com.bancomer.mbanking
Firebase,com.bang.bangwithfriends
Firebase,com.baseapp.eyeem
Firebase,com.batanga
Firebase,com.bbm
Firebase,com.bigoven.android
Firebase,com.bitdefender.antivirus
Firebase,com.bitdefender.security
Firebase,com.bitsmedia.android.muslimpro
Firebase,com.blueoxtech.sevenlittlewords
Firebase,com.booking
Firebase,com.bradesco
Firebase,com.bubadu.doctorkids
Firebase,com.buscaalimento.android
Firebase,com.busuu.android.enc
Firebase,com.busuu.android.fr
Firebase,com.camshare.camfrog.android
Firebase,com.cardinalblue.piccollage.google
Firebase,com.carmax.carmax
Firebase,com.chris.android.mydaysfree
Firebase,com.chris.mydays
Firebase,com.citynav.jakdojade.pl.android
Firebase,com.cleanmaster.security
Firebase,com.cleartrip.android
Firebase,com.coffeebeanventures.easyvoicerecorder
Firebase,com.colure.app.privacygallery
Firebase,com.concretesoftware.pbachallenge_androidmarket
Firebase,com.concretesoftware.spades_demobuynow
Firebase,com.conducivetech.android.traveler
Firebase,com.coolmango.sudokufun
Firebase,com.corusen.accupedo.te
Firebase,com.datpiff.mobile
Firebase,com.dencreak.dlcalculator
Firebase,com.dencreak.spbook
Firebase,com.dictionary
Firebase,com.digitalchemy.calculator.freedecimal
Firebase,com.digitalchemy.calculator.freefraction
Firebase,com.dinakaran.mobile.android
Firebase,com.disappster.skyalert
Firebase,com.divum.MoneyControl
Firebase,com.dokebi.dokebi
Firebase,com.doubleTwist.androidPlayer
Firebase,com.dumplingsandwich.pencilsketch
Firebase,com.eclipsim.gpsstatus2
Firebase,com.emoji.ikeyboard
Firebase,com.entertainment.coupons
Firebase,com.escogitare.tictactoe
Firebase,com.eset.ems2.gp
Firebase,com.estsoft.alyac
Firebase,com.everimaging.photoeffectstudio
Firebase,com.fabernovel.ratp
Firebase,com.fifa.fifaapp.android
Firebase,com.fiksu.fma.android
Firebase,com.fingersoft.hillclimb
Firebase,com.flightradar24free
Firebase,com.frismos.olympusgame
Firebase,com.frograms.watcha
Firebase,com.frogsparks.mytrails
Firebase,com.froogloid.kring.google.zxing.client.android
Firebase,com.ft.news
Firebase,com.ftbpro.app
Firebase,com.ftpcafe.coverart.trial
Firebase,com.ftpcafe.tagger.trial
Firebase,com.fungamesmobile.escape
Firebase,com.funstage.gta
Firebase,com.funstage.gta.ma.bookofradeluxe
Firebase,com.funstage.gta.ma.sizzlinghot
Firebase,com.game.basketballshoot
Firebase,com.game.BMX_Boy
Firebase,com.game.BubblePirate
Firebase,com.game.BubbleShooter
Firebase,com.game.BubbleTotem
Firebase,com.game.DragonGem
Firebase,com.game.JewelsLegend
Firebase,com.game.JewelsStar
Firebase,com.game.JewelsStar2
Firebase,com.game.JewelsStar3
Firebase,com.game.MarbleSaga2
Firebase,com.game.PoolMania
Firebase,com.game.SkaterBoy
Firebase,com.gameinsight.airport
Firebase,com.gameinsight.mirrorsofalbionandroid
Firebase,com.gameinsight.mycountry2020
Firebase,com.gameinsight.tribez
Firebase,com.garmin.android.apps.connectmobile
Firebase,com.glidetalk.glideapp
Firebase,com.global.foodpanda.android
Firebase,com.gm.decolar
Firebase,com.gm.despegar
Firebase,com.gogii.textplus
Firebase,com.goibibo
Firebase,com.google.android.apps.books
Firebase,com.gxbwfw.futsalgame
Firebase,com.hapogames.BubbleParadise
Firebase,com.hapogames.FreeCell
Firebase,com.havos.codewordunlimited
Firebase,com.havos.wordpuzzle
Firebase,com.hbwares.wordfeud.free
Firebase,com.hinkhoj.questionbank
Firebase,com.hootsuite.droid.full
Firebase,com.hornet.android
Firebase,com.hp.pregnancy.lite
Firebase,com.hrs.android
Firebase,com.hrs.b2c.android
Firebase,com.hungama.myplay.activity
Firebase,com.ibm.events.android.ausopen
Firebase,com.idea.backup.smscontacts
Firebase,com.idealista.android
Firebase,com.imangi.templerun
Firebase,com.imangi.templerun2
Firebase,com.initechapps.growlr
Firebase,com.iobit.mobilecare
Firebase,com.ipart.android
Firebase,com.ipspirates.ort
Firebase,com.iscoolentertainment.wordoxfree
Firebase,com.ismaker.android.simsimi
Firebase,com.itbenefit.android.calendar
Firebase,com.ivuu
Firebase,com.ixigo.train.ixitrain
Firebase,com.jandusoft.gtc
Firebase,com.jaumo
Firebase,com.jb.gokeyboard.theme.twamericankeyboard
Firebase,com.joeware.android.gpulumera
Firebase,com.jrtstudio.AnotherMusicPlayer
Firebase,com.jrtstudio.music
Firebase,com.july.univision
Firebase,com.kii.safe
Firebase,com.kms.free
Firebase,com.ksncho.hospitalinfo
Firebase,com.labpixies.flood
Firebase,com.lafourchette.lafourchette
Firebase,com.laugh.talking.husky
Firebase,com.lazada.android
Firebase,com.lemonde.androidapp
Firebase,com.lenovo.anyshare.gps
Firebase,com.lezhin.comics
Firebase,com.lily.times.calf1.all
Firebase,com.lily.times.dog1.all
Firebase,com.lily.times.piggy1.all
Firebase,com.lingualeo.android
Firebase,com.magnetic.openmaps
Firebase,com.makemytrip
Firebase,com.makru.minecraftbook
Firebase,com.malangstudio.alarmmon
Firebase,com.mcentric.mcclient.MyMadrid
Firebase,com.medicaljoyworks.prognosis
Firebase,com.megogo.application
Firebase,com.metago.astro
Firebase,com.Meteosolutions.Meteo3b
Firebase,com.michtek.Gra1
Firebase,com.mindblocks.blocks_light
Firebase,com.miniinthebox.android
Firebase,com.mobilefootie.wc2010
Firebase,com.mobilesrepublic.appy
Firebase,com.mrnumber.blocker
Firebase,com.mxdata.tube.Market
Firebase,com.myyearbook.m
Firebase,com.n3t0l0b0.blogspot.mpc.view.lite
Firebase,com.natenai.glowhockey
Firebase,com.navitime.local.navitime
Firebase,com.navitime.local.navitimedrive
Firebase,com.ndrive.androidtmndrive
Firebase,com.neenbedankt.rainydays
Firebase,com.netqin.ps
Firebase,com.news360.news360app
Firebase,com.newspaperdirect.pressreader.android
Firebase,com.nextmedia
Firebase,com.nextmediatw
Firebase,com.nll.screenrecorder
Firebase,com.NoonDate
Firebase,com.novagecko.memedroid
Firebase,com.nytimes.android
Firebase,com.oasisfeng.greenify
Firebase,com.oki.colors
Firebase,com.oki.numbers
Firebase,com.oki.phonenew
Firebase,com.oki.shapes
Firebase,com.oni.oni
Firebase,com.oovoo
Firebase,com.opensooq.OpenSooq
Firebase,com.overstock
Firebase,com.pandoomobile.GemsJourney
Firebase,com.pandoomobile.MagicMania
Firebase,com.papajohns.android
Firebase,com.paullipnyagov.drumpads24
Firebase,com.PeacockStudio.KongfuPunchLite
Firebase,com.photoaffections.freeprints
Firebase,com.picmix.mobile
Firebase,com.piriform.ccleaner
Firebase,com.playrix.township
Firebase,com.pocketplay.PW1A
Firebase,com.polydice.icook
Firebase,com.primedia.apartmentguide
Firebase,com.qisiemoji.inputmethod
Firebase,com.quizlet.quizletandroid
Firebase,com.qxmd.calculate
Firebase,com.redhotlabs.bingo
Firebase,com.RenownEntertainment.BallHopAE
Firebase,com.riatech.cookbook
Firebase,com.riatech.salads
Firebase,com.roidapp.photogrid
Firebase,com.runar.issdetector
Firebase,com.runtastic.android
Firebase,com.runtastic.android.heartrate.lite
Firebase,com.runtastic.android.mountainbike.lite
Firebase,com.runtastic.android.pullup.lite
Firebase,com.runtastic.android.pushup.lite
Firebase,com.runtastic.android.roadbike.lite
Firebase,com.runtastic.android.situp.lite
Firebase,com.runtastic.android.sixpack.lite
Firebase,com.runtastic.android.squats.lite
Firebase,com.rvappstudios.bloodymonsters
Firebase,com.rvappstudios.fingerslayer
Firebase,com.rvappstudios.lastheroes
Firebase,com.rvappstudios.zombieragdoll
Firebase,com.santander.app
Firebase,com.scb.phone
Firebase,com.scientificCalculator
Firebase,com.sec.app.samsungprintservice
Firebase,com.shpock.android
Firebase,com.singtel.mysingtel
Firebase,com.sirma.mobile.bible.android
Firebase,com.smartnsoft.metro
Firebase,com.snagajob.jobseeker
Firebase,com.softpauer.f1timingapp2014.basic
Firebase,com.somcloud.somnote
Firebase,com.soulfromhell.mydiary
Firebase,com.stc
Firebase,com.studiosol.palcomp3
Firebase,com.superscores.soccer
Firebase,com.swingbyswing
Firebase,com.talkray.client
Firebase,com.tappsi.passenger.android
Firebase,com.taptrip
Firebase,com.teb
Firebase,com.telcel.imk
Firebase,com.tesseractmobile.solitairefreepack
Firebase,com.thehomedepot
Firebase,com.theronrogers.vaultyfree
Firebase,com.thinkyeah.galleryvault
Firebase,com.timespread.Timetable2
Firebase,com.tof.myquranina
Firebase,com.toi.reader.activities
Firebase,com.tranzmate
Firebase,com.trello
Firebase,com.trendmicro.tmmspersonal
Firebase,com.tuenti.messenger
Firebase,com.turkcell.gncplay
Firebase,com.tvnu.app
Firebase,com.univision.android
Firebase,com.univision.noticias
Firebase,com.upbeatgames.witchpuzzle
Firebase,com.vapp.guncamera3d
Firebase,com.vblast.flipaclip
Firebase,com.vimeo.android.videoapp
Firebase,com.vinetree.gametalktalk2
Firebase,com.wacompany.mydol
Firebase,com.waplog.social
Firebase,com.webascender.callerid
Firebase,com.webmd.android
Firebase,com.weightwatchers.mobile
Firebase,com.whitepages.search
Firebase,com.wisetoto
Firebase,com.wte.view
Firebase,com.xinmei365.font
Firebase,com.yemenfon.mersal
Firebase,com.ykb.android
Firebase,com.zhiliaoapp.musically
Firebase,com.zillow.android.rentals
Firebase,com.zillow.android.zillowmap
Firebase,com.zillow.android.zmm
Firebase,com.zoopla.activity
Firebase,com.zumobi.android.motortrend
Firebase,cz.gdmt.AnnelidsDemo
Firebase,de.cellular.focus
Firebase,de.is24.android
Firebase,de.lotum.whatsinthefoto.es
Firebase,de.lotum.whatsinthefoto.us
Firebase,de.mdiener.rain.usa
Firebase,de.stefanpledl.localcast
Firebase,de.wetteronline.wetterapp
Firebase,es.lfp.gi.main
Firebase,eu.appsolutelyapps.quizpatente
Firebase,eu.mvns.games
Firebase,fm.clean
Firebase,fr.playsoft.lefigarov3
Firebase,fr.snapp.fidme
Firebase,gr.cosmote.whatsup
Firebase,gt.farm.hkmovies
Firebase,guiatvbrlite.com
Firebase,id.co.babe
Firebase,in.ireff.android
Firebase,in.plackal.lovecyclesfree
Firebase,in.redbus.android
Firebase,info.justoneplanet.android.inputmethod.japanese
Firebase,ipnossoft.rma.free
Firebase,it.android.demi.elettronica
Firebase,it.pinenuts.rassegnastampa
Firebase,jp.co.johospace.jorte
Firebase,jp.co.mediaactive.ghostcalldx
Firebase,jp.co.proto.GooUCSearch
Firebase,jp.gmomedia.android.prcm
Firebase,jp.ne.hardyinfinity.bluelightfilter.free
Firebase,kr.co.quicket
Firebase,kz.kolesa
Firebase,leafly.android
Firebase,letsfarm.com.playday
Firebase,mig.app.gallery
Firebase,mivo.tv
Firebase,mmapps.bmi.calculator
Firebase,mmapps.mirror.free
Firebase,mmapps.mirror.pro
Firebase,mmapps.mobile.magnifier
Firebase,mobi.infolife.ezweather
Firebase,mong.moptt
Firebase,naukriApp.appModules.login
Firebase,net.android.wzdworks.magicday
Firebase,net.elvista.checkers
Firebase,net.hubalek.android.worldclock
Firebase,net.kernys.aooni
Firebase,net.milkdrops.beentogether
Firebase,net.xelnaga.exchanger
Firebase,net.zedge.android
Firebase,nl.sanomamedia.android.nu
Firebase,org.candylegend
Firebase,org.malwarebytes.antimalware
Firebase,org.mania2048
Firebase,org.npr.android.news
Firebase,pl.neptis.yanosik.mobi.android
Firebase,ru.dublgis.dgismobile
Firebase,ru.hh.android
Firebase,ru.kriper.goodapps1
Firebase,ru.litres.android
Firebase,ru.mail.cloud
Firebase,ru.mamba.client
Firebase,ru.sberbankmobile
Firebase,se.appcorn.Blocket
Firebase,se.footballaddicts.livescore
Firebase,se.smhi.mobile.android
Firebase,sg.com.sbstransit.irisdroid
Firebase,si.pilcom.apps.cakemakerkids
Firebase,si.pilcom.apps.cupcakekids
Firebase,si.pilcom.apps.icecreamkids
Firebase,si.pilcom.apps.pizzamakerkids
Firebase,talking.toy.funny.couple
Firebase,talking.toy.funny.panda
Firebase,talking.toy.sweet.girl
Firebase,talking.toy.teddy.bear
Firebase,th.co.crie.tron2.android
Firebase,trendyol.com
Firebase,uk.co.economist
Firebase,us.mathlab.android
Firebase,vivino.web.app
Firebase,xcxin.filexpert
Flurry,aul.irm.triviados
Flurry,ru.cn.tv
Flurry,cc.malcolmm.filekicker
Flurry,com.zenstudios.ZenPinball
Flurry,com.levelup.touiteur
Flurry,com.YouXin.SunnyPuppiesUS
Flurry,com.styleshare.android
Flurry,air.com.tamalaki.rorysrestaurantfree
Flurry,com.skout.android
Flurry,air.com.freshplanet.games.WaM
Flurry,net.elvista.checkers
Flurry,ru.kuchaknig.android.freebooks.love
Flurry,air.com.bigwigmedia.hotdogbush
Flurry,com.fsp.android.friendlocator
Flurry,air.com.differencegames.cubecrash2free
Flurry,air.BattleofZombies
Flurry,fr.cookbook
Flurry,com.bearhugmedia.android_cupcake
Flurry,com.baileyz.aquarium
Flurry,com.vidstitch
Flurry,com.paltalk.chat.android
Flurry,com.softdp.mewsim
Flurry,com.mcu.iVMS
Flurry,ru.idaprikol
Flurry,com.glu.samuzombie
Flurry,com.tobiapps.android_100floors_guide
Flurry,com.twidroid
Flurry,com.sd.google.helloKittyCafe
Flurry,org.HanpanGo
Flurry,com.vg.MonsterDashHillRacer
Flurry,ie.bluebear.eardoctor
Flurry,com.zoemob.gpstracking
Flurry,com.devexpert.weather
Flurry,com.crazylabs.cheatingtomfull
Flurry,com.scoompa.trainpark
Flurry,com.froogloid.kring.google.zxing.client.android
Flurry,com.DramaProductions.Einkaufen5
Flurry,com.fugo.kelimeavi2
Flurry,com.tru
Flurry,com.animoca.prettyPetSalonSeasons
Flurry,com.datpiff.mobile
Flurry,com.animoca.google.starGirlChristmas
Flurry,com.animoca.prettyPetSalon
Flurry,com.tectumgames.unblock
Flurry,com.animoca.google.robo5
Flurry,com.gml.fw.fw2
Flurry,com.scoompa.collagemaker
Flurry,com.huffingtonpost.android
Flurry,com.animocacollective.google.catdefense
Flurry,ru.coder1cv8.snake
Flurry,com.ipart.android
Flurry,com.etermax.apalabrados.lite
Flurry,com.scatterlab.textat
Flurry,de.lochmann.zaubertricks2
Flurry,me.tango.roadriot
Flurry,com.ScanLife
Flurry,com.stitcher.app
Flurry,com.KillerBeanStudios.KillerBeanUnleashed
Flurry,com.fandango.regal
Flurry,com.listia.Listia
Flurry,com.scoompa.ants
Flurry,com.lulo.scrabble.classicwords
Flurry,com.animocacollective.google.pandarun1
Flurry,com.stargirlgames.google.bunnyrun
Flurry,air.com.generamobile.colormaniaguess
Flurry,com.gearnbulb.kidp
Flurry,mobi.jackd.android
Flurry,com.sinyee.babybus.foodstreet
Flurry,com.svsgames.orderup
Flurry,com.hotheadgames.google.free.bigwinhockey
Flurry,com.capcom.smurfsandroid
Flurry,com.hotheadgames.google.free.rawspace
Flurry,com.nevosoft.mysteryville2.free
Flurry,ch.pboos.android.SleepTimer
Flurry,com.anuloid.gravitire3d
Flurry,air.com.differencegames.hohauntedplacesdemo
Flurry,air.com.games2win.fabtattooartist
Flurry,com.oki.phonenew
Flurry,com.godgame.mj.android
Flurry,com.echofon
Flurry,com.mohitdev.minebuild
Flurry,com.utorrent.client
Flurry,com.animoca.google.topModelSportsEdition
Flurry,com.Ama.PanicFlightFree
Flurry,com.hotheadgames.google.free.bigwinbaseball
Flurry,org.itri
Flurry,fr.testsintelligence
Flurry,air.cookingapplepie
Flurry,com.criticalhitsoftware.policescanner50free
Flurry,com.fromthebenchgames.fmfootball2014
Flurry,com.glu.zamf1
Flurry,com.ArtInGames.AirAttackHDLite
Flurry,com.hotheadgames.google.free.valor
Flurry,com.lochmann.viergewinntmultiplayer
Flurry,com.CarXTech.CarXDriftRacing
Flurry,com.scoompa.facechanger
Flurry,com.tatem.dinhunter
Flurry,com.alawar.treasuresofmontezuma3
Flurry,com.animoca.google.snowwhitecafe
Flurry,com.waveline.nabd
Flurry,com.etheritsolutions.ghostrider
Flurry,com.doraemon.doraemonRepairShop
Flurry,air.com.sticksports.sticktennis
Flurry,beemoov.amoursucre.android
Flurry,com.wondershare.player
Flurry,info.percentagecalculator
Flurry,air.com.jogatina.mahjong
Flurry,com.modiface.haircolorstudio.free
Flurry,com.mobilityflow.tvp
Flurry,com.reludo.emergencylanding
Flurry,biblereader.olivetree
Flurry,com.criticalhitsoftware.policeradio
Flurry,com.vg.smashpolicecar
Flurry,air.com.differencegames.hiddenobjectworld
Flurry,com.motogames.supermoto
Flurry,com.modiface.eyecolor
Flurry,com.glu.wasteland
Flurry,com.havos.wordpuzzle
Flurry,com.thinkyeah.smartlockfree
Flurry,com.herocraft.game.raceillegal
Flurry,com.mindblocks.blocks_light
Flurry,com.smartnsoft.metro
Flurry,com.thinkyeah.apphider
Flurry,se.iis.bbk
Flurry,com.animoca.google.starGirlSpring
Flurry,com.untappdllc.app
Flurry,com.gamevil.elements
Flurry,com.godgame.bigtwo.android
Flurry,ru.alfabank.mobile.android
Flurry,com.doraemon.doraemonRepairShopSeasons
Flurry,com.animoca.google.starGirl
Flurry,com.my.mail
Flurry,com.tapinator.drivingwithzombies
Flurry,com.glu.ewarriors2
Flurry,com.rubyseven.timequest
Flurry,com.boyahoy.android
Flurry,com.dekovir.pixwords
Flurry,com.spx.ing004.google.s0
Flurry,com.frograms.watcha
Flurry,com.gameday.TapToOn_Google
Flurry,cz.seznam.sbrowser
Flurry,air.com.history.pawnstarsgame
Flurry,com.fatchicken007.headsupcharades2
Flurry,com.herocraft.game.free.gibbets2
Flurry,com.hotheadgames.google.free.bigwinbasketball
Flurry,com.aol.mobile.engadget
Flurry,com.kokteyl.mackolik
Flurry,net.aljazeera.english
Flurry,com.animoca.google.starGirlValentine
Flurry,com.scoompa.collagemaker.video
Flurry,com.RetrostyleGames.SpiritRun
Flurry,com.skyboard.google.topCelebrity
Flurry,air.BRFree
Flurry,com.pinnatta.android
Flurry,com.nevosoft.wonderlines.free
Flurry,com.animoca.google.robotacademy
Flurry,com.xformgames.burninrubbercrashnburn
Flurry,com.fsp.android.h
Flurry,com.scoompa.voicechanger
Flurry,com.dn.games.dtmafia
Flurry,com.nevosoft.mysteryville
Flurry,ru.aviasales
Flurry,com.fsp.android.c
Flurry,jp.co.ateam.android.lie
Flurry,com.hotheadgames.google.free.bigwinstockcar
Flurry,com.skyboard.google.penguinRun
Flurry,com.hapogames.FreeCell
Flurry,air.com.ubisoft.csi.HiddenCrimes
Flurry,jp.co.atm.murderroom.android
Flurry,com.coolapps.changemyvoice
Flurry,air.com.pepiplay.pepibathliteandroid
Flurry,com.snipsnap.snipsnapapp
Flurry,air.com.feerik.eredanbattle
Flurry,com.tap4fun.kings_empire
Flurry,com.ftbsports.BeALegendFootball
Flurry,air.com.games2win.kursicricket
Flurry,samsungupdate.com
Flurry,com.godgame.mj13.android
Flurry,com.hotheadgames.google.free.bigwinsoccer
Flurry,com.aemobile.games.XtremeMoto
Flurry,com.alawar.SnarkBusters2.Freemium
Flurry,com.robotinvader.fooding
Flurry,air.com.differencegames.threepyramidtripeaksfree
Flurry,com.aheadsolutions.hangman
Flurry,com.playmesh.valor
Flurry,com.geargames.pfp
Flurry,com.bonfiremedia.android_wikimobile2
Flurry,com.hotheadgames.google.free.valorcmd
Flurry,com.idmobile.horoscope
Flurry,com.grydmitrij.ticketpdddemo
Flurry,com.turbochilli.ihatezombies
Flurry,ru.mail.mailapp
Flurry,com.glu.stardomng
Flurry,com.animoca.google.starGirlBeautyQueen
Flurry,com.herocraft.game.zombiederby
Flurry,com.steadfastinnovation.android.projectpapyrus
Flurry,com.eharmony
Flurry,com.animoca.google.beautyidolfashionqueen
Flurry,com.appsfabrica.oneweekdiet
Flurry,com.quoord.tapatalkpro.activity
Flurry,uk.co.dedmondson.timer.classiclite
Flurry,com.zombodroid.MemeGenerator
Flurry,com.tgb.kingkong
Flurry,com.weheartit
Flurry,com.kiloo.subwaysurf
Flurry,ru.mail.my
Flurry,air.com.differencegames.hosummergardenfree
Flurry,com.life360.android.safetymapd
Flurry,com.octro.rummy
Flurry,com.momento.cam
Flurry,com.herocraft.game.free.medieval
Flurry,com.alawar.mysteryisland
Flurry,com.glu.prt
Flurry,com.scoompa.talkingfriends
Flurry,com.kokteyl.sahadan
Flurry,com.nevosoft.dreamsleuth
Flurry,com.sdeu.google.hellokittycarnival
Flurry,com.sit.ribalka
Flurry,smpxg.mythdefense_free
Flurry,com.ivuu
Flurry,com.nevosoft.pirateville.free
Flurry,com.tfd.mobile.TfdSearch
Flurry,com.televisa.deportes.android
Flurry,com.amem
Flurry,de.gavitec.android
Flurry,com.glu.modwarsniper
Flurry,com.thinkyeah.galleryvault
Flurry,com.newstargames.newstarsoccer
Flurry,com.tatem.dinhunterhd
Flurry,com.ttnet.tivibucep
Flurry,com.animoca.google.beautyIdol
Flurry,com.godgame.texasholdem.android
Flurry,com.sien.launcher.launcherjb
Flurry,com.fsp.android.phonetracker
Flurry,com.omgpop.dstfree
Flurry,air.com.differencegames.hohauntedhouse
Flurry,com.notdoppler.earntodielite
Flurry,com.att.android.uverse
Flurry,com.kvadgroup.photostudio
Flurry,com.thirtysixyougames.google.boyfriendmaker
Flurry,se.ah.samurai
Flurry,com.gogii.textplus
Flurry,com.appspot.swisscodemonkeys.paintfx
Flurry,com.animoca.pixelmall
Flurry,com.chillingo.ironforce.android.ajagplay
Flurry,com.kyworks.buttonsandscissors.inapp
Flurry,com.gipnetix.escapeaction
Flurry,com.informer.androidinformer
Flurry,com.arcsoft.perfect365
Flurry,com.n7mobile.nplayer
Flurry,de.zorillasoft.musicfolderplayer
Flurry,com.mobilityflow.torrent
GoogleAnalytics,air.com.mastertigra.videobeseda
GoogleAnalytics,com.entertainment.coupons
GoogleAnalytics,com.eventbrite.attendee
GoogleAnalytics,com.fullersystems.cribbage
GoogleAnalytics,com.gaana
GoogleAnalytics,com.holidaycheck
GoogleAnalytics,com.ksncho.hospitalinfo
GoogleAnalytics,com.nousguide.android.rbtv
GoogleAnalytics,com.overstock
GoogleAnalytics,com.pocketplay.PW1A
GoogleAnalytics,com.qiiwi.wordsinapic
GoogleAnalytics,com.rubycell.perfectguitar
GoogleAnalytics,com.televisa.deportes.android
Ironsource,com.activaweb.matchendirect
Ironsource,com.ea.BejeweledBlitz_na
Ironsource,com.ea.games.simsfreeplay_na
Ironsource,com.freerange360.mpp.GOAL
Ironsource,com.gzl.stardunk
Ironsource,com.kokteyl.goal
Ironsource,com.kokteyl.mackolik
Ironsource,com.kokteyl.sahadan
Ironsource,com.activaweb.matchendirect
Ironsource,com.freerange360.mpp.GOAL
Ironsource,com.gogii.textplus
Ironsource,com.gzl.stardunk
Ironsource,com.kokteyl.goal
Ironsource,com.kokteyl.mackolik
Ironsource,com.kokteyl.sahadan
Ironsource,air.KuninNikolay.RailwayBridge.Free
Ironsource,at.ner.lepsWorld2
Ironsource,at.ner.lepsWorld3Plus
Ironsource,at.nerbrothers.SuperJump
Ironsource,br.com.tapps.donotdisturb
Ironsource,br.com.tapps.myboo
Ironsource,br.com.tapps.mypizzashop
Ironsource,br.com.tapps.myvirtualpetshop
Ironsource,br.com.tapps.toilettime
Ironsource,br.com.tapps.ufb
Ironsource,com.activaweb.matchendirect
Ironsource,com.aed.droidvpn
Ironsource,com.ama.lovetest.calculator
Ironsource,com.Ama.PanicFlightFree
Ironsource,com.appnana.android.giftcardrewards
Ironsource,com.atari.mobile.rct4m
Ironsource,com.bigbluebubble.singingmonsters.full
Ironsource,com.creativemobile.DragRacing
Ironsource,com.digidust.elokence.akinator.freemium
Ironsource,com.dreamgames.spearfishing
Ironsource,com.droidhen.game.racingmoto
Ironsource,com.ea.game.tetris2011_na
Ironsource,com.ea.games.simsfreeplay_na
Ironsource,com.ea.tetrisblitz_na
Ironsource,com.etermax.apalabrados.lite
Ironsource,com.etheritsolutions.ghostrider
Ironsource,com.existage.vasia
Ironsource,com.existage.vrr
Ironsource,com.freerange360.mpp.GOAL
Ironsource,com.fugo.kelimeavi2
Ironsource,com.gameloft.android.ANMP.GloftDMHM
Ironsource,com.gameloft.android.ANMP.GloftINHM
Ironsource,com.gameloft.android.ANMP.GloftPOHM
Ironsource,com.gameloft.android.ANMP.GloftSIHM
Ironsource,com.gameloft.android.ANMP.GloftSXHM
Ironsource,com.gogii.textplus
Ironsource,com.gzl.stardunk
Ironsource,com.hg.dynamitefishingfree
Ironsource,com.hg.gunsandglory2free
Ironsource,com.indiagames.cricketfever
Ironsource,com.kiloo.subwaysurf
Ironsource,com.kokteyl.goal
Ironsource,com.kokteyl.mackolik
Ironsource,com.kokteyl.sahadan
Ironsource,com.kumobius.android.duet
Ironsource,com.ldw.virtualfamilies2
Ironsource,com.leftover.CoinDozer
Ironsource,com.lucktastic.scratch
Ironsource,com.mobilityflow.torrent
Ironsource,com.mobilityflow.tvp
Ironsource,com.naritasoft.thaimillionaire
Ironsource,com.naritasoft.winkcamera
Ironsource,com.pixelduck.ru4pics1word
Ironsource,com.raixgames.android.fishfarm2.googleplay
Ironsource,com.rvappstudios.bloodymonsters
Ironsource,com.selfawaregames.acecasino
Ironsource,com.sit.ribalka
Ironsource,com.socialquantum.acityint
Ironsource,com.socialquantum.acitykakao
Ironsource,com.tabtale.babiesplaydoctor
Ironsource,com.tabtale.babyairport
Ironsource,com.tabtale.babybirthdayparty
Ironsource,com.tabtale.babybook
Ironsource,com.tabtale.babycareanddressup
Ironsource,com.tabtale.babydressupandcard
Ironsource,com.tabtale.babyfoodfair
Ironsource,com.tabtale.babyhouse
Ironsource,com.tabtale.babyhousechores
Ironsource,com.tabtale.babyoutdoors
Ironsource,com.tabtale.babyprofessions
Ironsource,com.tabtale.babyroommakeover
Ironsource,com.tabtale.burgermaker
Ironsource,com.tabtale.burgertruck
Ironsource,com.tabtale.cakemakercrazychefgoogle
Ironsource,com.tabtale.carebears
Ironsource,com.tabtale.catsdressup
Ironsource,com.tabtale.chocolatemaker
Ironsource,com.tabtale.christmasgingerbreadcookiemaker
Ironsource,com.tabtale.clumsychef
Ironsource,com.tabtale.costumeparty
Ironsource,com.tabtale.crazyhair
Ironsource,com.tabtale.cutepony
Ironsource,com.tabtale.dentistmania
Ironsource,com.tabtale.designitbabies
Ironsource,com.tabtale.designitprincess
Ironsource,com.tabtale.dirtykids
Ironsource,com.tabtale.doctoroffice
Ironsource,com.tabtale.doctorurbanheros
Ironsource,com.tabtale.doctorvampires
Ironsource,com.tabtale.dogsdressup
Ironsource,com.tabtale.fairyspasaloon
Ironsource,com.tabtale.fairytalefiasko
Ironsource,com.tabtale.fairytaleprincessdressup
Ironsource,com.tabtale.fashiongirlsmakeover
Ironsource,com.tabtale.funnymoney
Ironsource,com.tabtale.hollyhobbie
Ironsource,com.tabtale.hotdoghero
Ironsource,com.tabtale.icecreammaker
Ironsource,com.tabtale.kidssportsdoctorx
Ironsource,com.tabtale.mechanic
Ironsource,com.tabtale.mechanictrucknew
Ironsource,com.tabtale.mermaiddressupandcard
Ironsource,com.tabtale.monstershaveit
Ironsource,com.tabtale.newbaby
Ironsource,com.tabtale.paintsparklesdraw
Ironsource,com.tabtale.penguinfiasco
Ironsource,com.tabtale.phoneforkids
Ironsource,com.tabtale.popcornmaker
Ironsource,com.tabtale.princesspalace
Ironsource,com.tabtale.princesspartydressup
Ironsource,com.tabtale.princessspasalon
Ironsource,com.tabtale.puppiesandkittens
Ironsource,com.tabtale.puppybday
Ironsource,com.tabtale.shaveit
Ironsource,com.tabtale.shaveme
Ironsource,com.tabtale.smoothiemakergame
Ironsource,com.tabtale.sportdoctor
Ironsource,com.tectumgames.unblock
Ironsource,com.telestar.voicechangeip
Ironsource,com.tinyco.familyguy
Ironsource,com.topface.topface
Ironsource,com.vidstitch
Ironsource,com.warlings
Ironsource,com.whisperarts.tales
Ironsource,es.socialpoint.DragonCity
Ironsource,hu.tonuzaba.android
Ironsource,pl.infinzmedia.talkingcats
Ironsource,ru.crazybit.experiment
Ironsource,ru.idaprikol
Ironsource,ru.kuchaknig.android.freebooks.love
Ironsource,samsungupdate.com
Ironsource,sg.gumi.bravefrontier
Ironsource,sts.al
Ironsource,sts.dl
Ironsource,sts.pl
Ironsource,sts.sl
Leanplum,com.mobidia.android.mdm
Leanplum,com.scopely.minigolf.free
Leanplum,com.scopely.slotsvacation
Leanplum,com.ted.android
Leanplum,com.thetrainline
Leanplum,com.travelzoo.android
Leanplum,org.mozilla.firefox
Leanplum,org.mozilla.firefox_beta
Leanplum,pch.apps.pchsweeps
Leanplum,com.bleacherreport.android.teamstream
Leanplum,com.enflick.android.TextNow
Leanplum,com.gamebasics.osm
Leanplum,com.lucktastic.scratch
Leanplum,com.modcloth
Leanplum,com.papajohns.android
Leanplum,com.path.paperboy
Leanplum,com.pixelberrystudios.hssandroid
Leanplum,com.qvc
Leanplum,com.sewichi.client.panel
Leanplum,com.SpaceInch.DiscoBees
Leanplum,com.tinder
Leanplum,com.touchtunes.android
Leanplum,com.udemy.android
Leanplum,com.gogii.textplus
Leanplum,com.recarga.recarga
Mixpanel,air.com.nbcuni.com.nbcsports.liveextra
Mixpanel,com.anydo
Mixpanel,com.bitesizedgames.pugrapids.googleplay
Mixpanel,com.c51
Mixpanel,com.cozi.androidfree
Mixpanel,com.disappster.skyalert
Mixpanel,com.diwip.vslots
Mixpanel,com.fs.snoopify
Mixpanel,com.groupme.android
Mixpanel,com.hcom.android
Mixpanel,com.justunfollow.android
Mixpanel,com.ludia.dragons
Mixpanel,com.ludia.familyfeudblitz
Mixpanel,com.ludia.jurassicpark
Mixpanel,com.ludia.tpirslots
Mixpanel,com.miniclip.animalshelter
Mixpanel,com.miniclip.dinopets
Mixpanel,com.miniclip.ggorigins
Mixpanel,com.mint
Mixpanel,com.mtvn.mtvPrimeAndroid
Mixpanel,com.mtvn.vh1android
Mixpanel,com.path.paperboy
Mixpanel,com.real.RealPlayerCloud
Mixpanel,com.rebelvox.voxer
Mixpanel,com.redhotlabs.bingo
Mixpanel,com.shutterfly
Mixpanel,com.snipsnap.snipsnapapp
Mixpanel,com.surfeasy
Mixpanel,com.tigertext
Mixpanel,com.tljtek.casino
Mixpanel,com.tocaboca.tocakitchen
Mixpanel,com.vsco.cam
Mixpanel,com.zeptolab.ctr.ads
Mixpanel,com.zeptolab.ctrexperiments.ads
Mixpanel,com.zeptolab.monsters.free.google
Mixpanel,de.tvtoday
Mixpanel,fr.snapp.fidme
Mixpanel,mivo.tv
Mixpanel,org.medhelp.iamexpecting
Mixpanel,org.medhelp.mc
Mixpanel,org.medhelp.mydiet
Mixpanel,taxi.android.client
Newrelic,com.application.zomato
Newrelic,com.cbs.app
Newrelic,com.concur.breeze
Newrelic,com.gm.decolar
Newrelic,com.gm.despegar
Newrelic,com.goibibo
Newrelic,com.lumoslabs.lumosity
Newrelic,com.nike.ntc
Newrelic,com.nike.plusgps
Tune,com.clearchannel.iheartradio.controller
Tune,com.ludia.dragons
Tune,com.tap4fun.kings_empire
Tune,com.tmon
Tune,gsshop.mobile.v2
Tune,beemoov.amoursucre.android
Tune,com.amazon.clouddrive.photos
Tune,com.animoca.google.beautyIdol
Tune,com.animoca.google.beautyidolfashionqueen
Tune,com.animoca.google.starGirl
Tune,com.animoca.google.starGirlBeautyQueen
Tune,com.animoca.google.starGirlChristmas
Tune,com.animoca.google.starGirlSpring
Tune,com.animoca.google.starGirlValentine
Tune,com.animoca.prettyPetSalon
Tune,com.chbreeze.jikbang4a
Tune,com.clearchannel.iheartradio.controller
Tune,com.cultsotry.yanolja.nativeapp
Tune,com.digitalchemy.calculator.freedecimal
Tune,com.digitalchemy.calculator.freefraction
Tune,com.doraemon.doraemonRepairShopSeasons
Tune,com.ember.stainz
Tune,com.gameinsight.cloudraiders
Tune,com.gameinsight.transportempiregp
Tune,com.handmark.expressweather
Tune,com.hostelworld.app
Tune,com.kamagames.pokerist
Tune,com.kamagames.roulettist
Tune,com.kobobooks.android
Tune,com.makemytrip
Tune,com.nytimes.android
Tune,com.sd.google.helloKittyCafe
Tune,com.selfawaregames.acecasino
Tune,com.squareup
Tune,com.tap4fun.kings_empire
Tune,com.thetrainline
Tune,com.xyrality.lkclient
Tune,com.zoosk.zoosk
Tune,jp.naver.linecamera.android
Tune,mmapps.mirror.free
Tune,mmapps.mirror.pro
Tune,mmapps.mobile.magnifier
Tune,ru.sberbankmobile
Tune,com.amazon.clouddrive.photos
Tune,com.animoca.google.beautyIdol
Tune,com.animoca.google.beautyidolfashionqueen
Tune,com.animoca.google.starGirl
Tune,com.animoca.google.starGirlBeautyQueen
Tune,com.animoca.google.starGirlChristmas
Tune,com.animoca.google.starGirlSpring
Tune,com.animoca.google.starGirlValentine
Tune,com.animoca.prettyPetSalon
Tune,com.clearchannel.iheartradio.controller
Tune,com.doraemon.doraemonRepairShopSeasons
Tune,com.gameinsight.bbdeluxe
Tune,com.gameinsight.cloudraiders
Tune,com.gameinsight.transportempiregp
Tune,com.handmark.expressweather
Tune,com.kamagames.pokerist
Tune,com.kamagames.roulettist
Tune,com.nytimes.android
Tune,com.sd.google.helloKittyCafe
Tune,com.squareup
Tune,com.tap4fun.kings_empire
Tune,com.thetrainline
Tune,jp.naver.linecamera.android
Tune,ru.sberbankmobile
Tune,beemoov.amoursucre.android
Tune,com.cheaptickets
Tune,com.clearchannel.iheartradio.controller
Tune,com.ebookers
Tune,com.expedia.bookings
Tune,com.holosfind.showroom
Tune,com.kobobooks.android
Tune,com.ludia.dragons
Tune,com.makemytrip
Tune,com.orbitz
Tune,com.holosfind.showroom
Tune,com.ludia.dragons
Tune,com.tap4fun.kings_empire
Tune,com.tmon
Tune,gsshop.mobile.v2
Tune,com.cheaptickets
Tune,com.clearchannel.iheartradio.controller
Tune,com.directv.dvrscheduler
Tune,com.ebookers
Tune,com.expedia.bookings
Tune,com.ludia.dragons
Tune,com.orbitz
Tune,com.cheaptickets
Tune,com.ebookers
Tune,com.expedia.bookings
Tune,com.ludia.dragons
Tune,com.makemytrip
Tune,com.orbitz
Tune,com.thetrainline
Tune,com.wemakeprice
Tune,com.animoca.google.beautyIdol
Tune,com.animoca.google.beautyidolfashionqueen
Tune,com.animoca.google.starGirl
Tune,com.animoca.google.starGirlBeautyQueen
Tune,com.animoca.google.starGirlChristmas
Tune,com.animoca.google.starGirlSpring
Tune,com.animoca.google.starGirlValentine
Tune,com.animoca.prettyPetSalon
Tune,com.doraemon.doraemonRepairShopSeasons
Tune,com.holosfind.showroom
Tune,com.ludia.dragons
Tune,com.makemytrip
Tune,com.mobikwik_new
Tune,com.nytimes.android
Tune,com.sd.google.helloKittyCafe
Tune,com.snapfish.mobile
Tune,com.thetrainline
Tune,com.tmon
Tune,beemoov.amoursucre.android
Tune,com.animoca.google.beautyIdol
Tune,com.animoca.google.beautyidolfashionqueen
Tune,com.animoca.google.starGirl
Tune,com.animoca.google.starGirlBeautyQueen
Tune,com.animoca.google.starGirlChristmas
Tune,com.animoca.google.starGirlSpring
Tune,com.animoca.google.starGirlValentine
Tune,com.animoca.prettyPetSalon
Tune,com.cheaptickets
Tune,com.cjenm.dragu
Tune,com.clearchannel.iheartradio.controller
Tune,com.coupang.mobile
Tune,com.directv.dvrscheduler
Tune,com.doraemon.doraemonRepairShopSeasons
Tune,com.ebookers
Tune,com.expedia.bookings
Tune,com.gameinsight.cloudraiders
Tune,com.gameinsight.transportempiregp
Tune,com.gotv.crackle.handset
Tune,com.holosfind.showroom
Tune,com.imdb.mobile
Tune,com.kamagames.pokerist
Tune,com.kamagames.roulettist
Tune,com.kobobooks.android
Tune,com.ksncho.hospitalinfo
Tune,com.ludia.dragons
Tune,com.makemytrip
Tune,com.mobikwik_new
Tune,com.naver.linewebtoon
Tune,com.opensooq.OpenSooq
Tune,com.orbitz
Tune,com.sd.google.helloKittyCafe
Tune,com.selfawaregames.acecasino
Tune,com.snapfish.mobile
Tune,com.squareup
Tune,com.tap4fun.kings_empire
Tune,com.thetrainline
Tune,com.tmon
Tune,com.wemakeprice
Tune,com.zoosk.zoosk
Tune,gsshop.mobile.v2
Tune,pl.allegro
Tune,ru.sberbankmobile
Tune,uk.co.economist
Tune,app.staples
Tune,com.holosfind.showroom
Tune,com.tmon
,
,
,
,
,
,
,
,
,
,
,
,
,
,
,
,
,
,
,
,
,
,
,
,
,
,
,
,
,
,
,
,
,
,
,
,
,
,
,
,
,
,
,
,
,
,
,
,
,
,
,
,
,
,
,
,
,
,
,
,
,
,
,
,
,
,
,
,
,
,
,
,
,
,
,
,
,
,
,
,
,
,
,
,
,
,
,
,
,
,
,
,
,
,
,
,
,
,
,
,
,
,
,
,
,
,
,
,
,
,
,
,
,
,
,
,
,
,
,
,
,
,
,
,
,
,
,
,
,
,
,
,
,
,
,
,
,
,
,
,
,
,
,
,
,
,
,
,
,
,
,
,
,
,
,
,
,
,
,
,
,
,
,
,
,
,
,
,
,
,
,
,
,
,
,
,
,
,
,
,
,
,
,
,
,
,
,
,
,
,
,
,
,
,
,
,
,
,
,
,
,
,
,
,
,
,
,
,
,
,
,
,
,
,
,
,
,
,
,
,
,
,
,
,
,
,
,
,
,
,
,
,
,
,
,
,
,
,
,
,
,
,
,
,
,
,
,
,
,
,
,
,
,
,
,
,
,
,
,
,
,
,
,
,
,
,
,
,
,
,
,
,
,
,
,
,
,
,
,
,
,
,
,
,
,
,
,
,
,
,
,
,
,
,
,
,
,
,
,
,
,
,
,
,
,
,
,
,
,
,
,
,
,
,
,
,
,
,
,
,
,
,
,
,
,
,
,
,
,
,
,
,
,
,
,
,
,
,
,
,
,
,
,
,
,